Model,Mean CV R^2,Test R^2,Best Alpha
Linear Regression,0.9848616072693283,0.9722087422028342,
Ridge Regression,0.9846824330466166,0.9722097945333562,0.3906939937054613
